State,Year,Max AQI,Median AQI
Alabama,1999,144.95454545454547,47.59090909090909
Alabama,2000,152.3913043478261,49.21739130434783
Alabama,2001,136.04545454545453,42.72727272727273
Alabama,2002,143.8695652173913,41.52173913043478
Alabama,2003,133.2,42.4
Alabama,2004,123.76,42.4
Alabama,2005,125.54166666666667,43.666666666666664
Alabama,2006,127.33333333333333,44.291666666666664
Alabama,2007,151.1904761904762,48.04761904761905
Alabama,2008,112.42105263157895,44.578947368421055
Alabama,2009,97.78947368421052,39.473684210526315
Alabama,2010,110.73684210526316,46.26315789473684
Alabama,2011,111.52631578947368,42.78947368421053
Alabama,2012,110.23529411764706,40.1764705882353
Alabama,2013,86.05555555555556,37.166666666666664
Alabama,2014,93.33333333333333,38.166666666666664
Alabama,2015,105.72222222222223,39.333333333333336
Alabama,2016,111.44444444444444,39.388888888888886
Alabama,2017,104.66666666666667,38.27777777777778
Alabama,2018,98.17647058823529,38.1764705882353
Alaska,1999,103.33333333333333,21.833333333333332
Alaska,2000,114.16666666666667,22.666666666666668
Alaska,2001,81.5,19.625
Alaska,2002,90.71428571428571,21.0
Alaska,2003,141.28571428571428,17.857142857142858
Alaska,2004,160.1,15.3
Alaska,2005,87.55555555555556,16.22222222222222
Alaska,2006,95.0,17.625
Alaska,2007,89.875,16.875
Alaska,2008,83.88888888888889,14.222222222222221
Alaska,2009,118.0,18.0
Alaska,2010,88.5,19.75
Alaska,2011,98.25,22.375
Alaska,2012,96.25,22.125
Alaska,2013,108.0,20.375
Alaska,2014,133.0,23.5
Alaska,2015,99.125,23.125
Alaska,2016,88.42857142857143,24.142857142857142
Alaska,2017,92.0,22.0
Alaska,2018,73.625,23.375
Arizona,1999,135.33333333333334,49.0
Arizona,2000,109.53846153846153,42.53846153846154
Arizona,2001,111.61538461538461,41.69230769230769
Arizona,2002,128.92307692307693,44.76923076923077
Arizona,2003,129.15384615384616,46.92307692307692
Arizona,2004,134.84615384615384,44.38461538461539
Arizona,2005,133.14285714285714,43.714285714285715
Arizona,2006,185.78571428571428,51.42857142857143
Arizona,2007,289.42857142857144,49.57142857142857
Arizona,2008,168.23076923076923,51.15384615384615
Arizona,2009,234.84615384615384,47.23076923076923
Arizona,2010,238.3846153846154,46.0
Arizona,2011,314.7692307692308,47.84615384615385
Arizona,2012,173.53846153846155,49.53846153846154
Arizona,2013,240.84615384615384,46.46153846153846
Arizona,2014,207.53846153846155,46.23076923076923
Arizona,2015,179.15384615384616,43.61538461538461
Arizona,2016,234.69230769230768,45.69230769230769
Arizona,2017,152.23076923076923,47.23076923076923
Arizona,2018,198.76923076923077,47.53846153846154
Arkansas,1999,111.94117647058823,47.470588235294116
Arkansas,2000,107.35,50.3
Arkansas,2001,103.15,46.8
Arkansas,2002,111.3,41.05
Arkansas,2003,107.6,43.8
Arkansas,2004,97.625,40.8125
Arkansas,2005,127.92857142857143,48.07142857142857
Arkansas,2006,103.66666666666667,42.6
Arkansas,2007,121.73333333333333,42.86666666666667
Arkansas,2008,96.4,39.53333333333333
Arkansas,2009,97.8,37.266666666666666
Arkansas,2010,98.375,41.75
Arkansas,2011,98.23529411764706,40.470588235294116
Arkansas,2012,111.35714285714286,38.07142857142857
Arkansas,2013,93.18181818181819,34.90909090909091
Arkansas,2014,89.63636363636364,33.36363636363637
Arkansas,2015,84.9090909090909,32.45454545454545
Arkansas,2016,91.45454545454545,33.54545454545455
Arkansas,2017,84.0909090909091,37.09090909090909
Arkansas,2018,94.33333333333333,38.333333333333336
California,1999,217.41071428571428,50.982142857142854
California,2000,528.6071428571429,47.607142857142854
California,2001,622.709090909091,49.163636363636364
California,2002,429.8888888888889,51.68518518518518
California,2003,576.9629629629629,50.629629629629626
California,2004,261.60377358490564,49.84905660377358
California,2005,255.28301886792454,45.9622641509434
California,2006,394.6981132075472,47.735849056603776
California,2007,367.54716981132077,48.9811320754717
California,2008,239.35849056603774,50.905660377358494
California,2009,435.9622641509434,47.528301886792455
California,2010,305.60377358490564,45.339622641509436
California,2011,471.037037037037,49.425925925925924
California,2012,288.7037037037037,48.7037037037037
California,2013,219.2037037037037,49.425925925925924
California,2014,210.62962962962962,48.888888888888886
California,2015,242.61111111111111,49.592592592592595
California,2016,270.75925925925924,46.46296296296296
California,2017,289.1320754716981,49.113207547169814
California,2018,160.47169811320754,46.056603773584904
Canada,1999,133.0,34.0
Canada,2000,72.5,28.0
Canada,2001,93.5,29.5
Canada,2002,99.33333333333333,17.666666666666668
Canada,2003,94.33333333333333,18.333333333333332
Canada,2004,138.0,24.666666666666668
Canada,2005,110.5,21.5
Canada,2006,83.0,25.0
Colorado,1999,129.06666666666666,28.7
Colorado,2000,96.9,28.733333333333334
Colorado,2001,91.1,28.5
Colorado,2002,99.53571428571429,29.892857142857142
Colorado,2003,110.85714285714286,29.535714285714285
Colorado,2004,84.67857142857143,28.0
Colorado,2005,99.35714285714286,29.571428571428573
Colorado,2006,110.96428571428571,30.178571428571427
Colorado,2007,122.82758620689656,36.58620689655172
Colorado,2008,110.0,35.266666666666666
Colorado,2009,106.625,34.5
Colorado,2010,117.625,35.6875
Colorado,2011,129.0625,38.6875
Colorado,2012,125.80645161290323,40.25806451612903
Colorado,2013,164.83333333333334,39.63333333333333
Colorado,2014,105.03333333333333,36.6
Colorado,2015,109.48387096774194,35.45161290322581
Colorado,2016,103.65625,35.1875
Colorado,2017,101.13333333333334,34.96666666666667
Colorado,2018,110.33333333333333,37.666666666666664
Connecticut,1999,213.14285714285714,44.714285714285715
Connecticut,2000,198.85714285714286,41.714285714285715
Connecticut,2001,208.28571428571428,44.857142857142854
Connecticut,2002,221.57142857142858,46.285714285714285
Connecticut,2003,190.57142857142858,46.0
Connecticut,2004,182.14285714285714,43.142857142857146
Connecticut,2005,194.71428571428572,44.42857142857143
Connecticut,2006,203.85714285714286,42.42857142857143
Connecticut,2007,201.57142857142858,42.42857142857143
Connecticut,2008,175.42857142857142,41.57142857142857
Connecticut,2009,132.71428571428572,37.142857142857146
Connecticut,2010,157.0,40.285714285714285
Connecticut,2011,164.0,39.125
Connecticut,2012,170.25,42.375
Connecticut,2013,156.75,44.0
Connecticut,2014,132.25,41.875
Connecticut,2015,149.5,41.0
Connecticut,2016,164.625,40.25
Connecticut,2017,151.5,38.375
Connecticut,2018,130.625,40.125
Country Of Mexico,1999,753.0,76.33333333333333
Country Of Mexico,2000,477.0,76.33333333333333
Country Of Mexico,2001,373.6666666666667,71.66666666666667
Country Of Mexico,2002,692.3333333333334,63.0
Country Of Mexico,2003,978.6666666666666,63.666666666666664
Country Of Mexico,2004,229.33333333333334,67.33333333333333
Country Of Mexico,2005,250.66666666666666,66.0
Country Of Mexico,2006,246.0,71.33333333333333
Country Of Mexico,2007,420.3333333333333,74.66666666666667
Country Of Mexico,2008,238.33333333333334,60.0
Country Of Mexico,2009,390.0,54.0
Country Of Mexico,2010,478.0,54.666666666666664
Country Of Mexico,2011,371.5,46.0
Country Of Mexico,2012,333.0,37.5
Country Of Mexico,2013,383.0,31.5
Country Of Mexico,2014,126.0,48.0
Country Of Mexico,2015,174.0,73.0
Country Of Mexico,2016,194.0,63.0
Country Of Mexico,2017,280.0,50.0
Country Of Mexico,2018,244.0,56.0
Delaware,1999,205.66666666666666,55.333333333333336
Delaware,2000,202.0,53.0
Delaware,2001,199.0,57.333333333333336
Delaware,2002,194.66666666666666,55.333333333333336
Delaware,2003,210.66666666666666,52.0
Delaware,2004,157.66666666666666,51.666666666666664
Delaware,2005,186.66666666666666,54.333333333333336
Delaware,2006,164.0,53.0
Delaware,2007,163.0,50.666666666666664
Delaware,2008,171.0,49.333333333333336
Delaware,2009,118.66666666666667,44.0
Delaware,2010,168.0,46.666666666666664
Delaware,2011,177.0,44.0
Delaware,2012,177.66666666666666,43.333333333333336
Delaware,2013,123.0,42.0
Delaware,2014,121.66666666666667,44.666666666666664
Delaware,2015,129.0,43.666666666666664
Delaware,2016,139.66666666666666,41.333333333333336
Delaware,2017,122.33333333333333,41.333333333333336
Delaware,2018,141.0,40.666666666666664
District Of Columbia,1999,210.0,60.0
District Of Columbia,2000,197.0,59.0
District Of Columbia,2001,203.0,62.0
District Of Columbia,2002,225.0,58.0
District Of Columbia,2003,207.0,58.0
District Of Columbia,2004,190.0,57.0
District Of Columbia,2005,169.0,57.0
District Of Columbia,2006,192.0,54.0
District Of Columbia,2007,169.0,54.0
District Of Columbia,2008,187.0,51.0
District Of Columbia,2009,150.0,49.0
District Of Columbia,2010,187.0,51.0
District Of Columbia,2011,166.0,54.0
District Of Columbia,2012,182.0,56.0
District Of Columbia,2013,101.0,48.0
District Of Columbia,2014,140.0,47.0
District Of Columbia,2015,126.0,47.0
District Of Columbia,2016,129.0,47.0
District Of Columbia,2017,119.0,51.0
District Of Columbia,2018,122.0,44.0
Florida,1999,140.125,38.125
Florida,2000,144.97058823529412,40.0
Florida,2001,146.71428571428572,38.08571428571429
Florida,2002,127.5,37.970588235294116
Florida,2003,142.44117647058823,37.44117647058823
Florida,2004,139.38235294117646,40.3235294117647
Florida,2005,135.7058823529412,40.44117647058823
Florida,2006,142.35294117647058,41.294117647058826
Florida,2007,153.61764705882354,40.411764705882355
Florida,2008,129.02857142857144,38.57142857142857
Florida,2009,104.82857142857142,37.542857142857144
Florida,2010,116.63888888888889,39.72222222222222
Florida,2011,117.94871794871794,37.97435897435897
Florida,2012,113.02564102564102,35.8974358974359
Florida,2013,101.44736842105263,34.921052631578945
Florida,2014,103.15384615384616,36.23076923076923
Florida,2015,87.02564102564102,34.51282051282051
Florida,2016,95.58974358974359,37.12820512820513
Florida,2017,105.84615384615384,36.8974358974359
Florida,2018,101.43589743589743,37.56410256410256
Georgia,1999,164.3548387096774,50.645161290322584
Georgia,2000,163.62857142857143,47.142857142857146
Georgia,2001,154.64705882352942,41.76470588235294
Georgia,2002,151.54285714285714,41.22857142857143
Georgia,2003,134.0857142857143,40.714285714285715
Georgia,2004,136.05882352941177,45.14705882352941
Georgia,2005,139.88888888888889,45.333333333333336
Georgia,2006,142.88888888888889,48.75
Georgia,2007,161.57142857142858,48.6
Georgia,2008,129.05882352941177,46.73529411764706
Georgia,2009,126.58064516129032,42.74193548387097
Georgia,2010,130.67741935483872,46.516129032258064
Georgia,2011,128.625,46.75
Georgia,2012,127.0,42.90625
Georgia,2013,99.3125,38.5625
Georgia,2014,104.625,41.03125
Georgia,2015,111.4375,37.8125
Georgia,2016,129.75,38.5
Georgia,2017,107.41935483870968,37.225806451612904
Georgia,2018,93.96551724137932,36.758620689655174
Hawaii,1999,124.5,16.25
Hawaii,2000,122.5,20.75
Hawaii,2001,155.33333333333334,23.333333333333332
Hawaii,2002,114.75,20.75
Hawaii,2003,119.25,22.25
Hawaii,2004,114.25,16.25
Hawaii,2005,125.75,15.5
Hawaii,2006,129.25,14.25
Hawaii,2007,147.0,35.666666666666664
Hawaii,2008,139.66666666666666,79.66666666666667
Hawaii,2009,230.33333333333334,82.0
Hawaii,2010,253.66666666666666,85.33333333333333
Hawaii,2011,115.5,51.25
Hawaii,2012,142.0,64.0
Hawaii,2013,105.0,53.5
Hawaii,2014,151.5,48.75
Hawaii,2015,106.25,52.25
Hawaii,2016,145.25,54.25
Hawaii,2017,127.0,52.5
Hawaii,2018,107.0,48.75
Idaho,1999,130.52631578947367,26.894736842105264
Idaho,2000,104.84210526315789,27.157894736842106
Idaho,2001,107.10526315789474,30.473684210526315
Idaho,2002,101.70833333333333,29.75
Idaho,2003,97.63636363636364,26.545454545454547
Idaho,2004,104.45833333333333,29.541666666666668
Idaho,2005,111.91666666666667,25.916666666666668
Idaho,2006,121.61904761904762,28.285714285714285
Idaho,2007,118.52631578947368,27.42105263157895
Idaho,2008,98.35,25.8
Idaho,2009,96.0,24.36842105263158
Idaho,2010,104.05555555555556,27.444444444444443
Idaho,2011,94.05882352941177,25.470588235294116
Idaho,2012,162.66666666666666,23.866666666666667
Idaho,2013,122.85714285714286,24.214285714285715
Idaho,2014,123.63636363636364,25.09090909090909
Idaho,2015,156.0,23.857142857142858
Idaho,2016,104.80952380952381,23.61904761904762
Idaho,2017,200.38095238095238,27.38095238095238
Idaho,2018,86.57142857142857,22.857142857142858
Illinois,1999,165.875,40.5
Illinois,2000,139.88,39.76
Illinois,2001,148.34615384615384,39.57692307692308
Illinois,2002,167.76923076923077,38.80769230769231
Illinois,2003,145.80769230769232,36.69230769230769
Illinois,2004,122.3076923076923,35.46153846153846
Illinois,2005,148.34615384615384,39.19230769230769
Illinois,2006,128.8846153846154,35.46153846153846
Illinois,2007,147.76923076923077,40.92307692307692
Illinois,2008,116.53846153846153,37.34615384615385
Illinois,2009,112.15384615384616,35.88461538461539
Illinois,2010,116.6923076923077,38.11538461538461
Illinois,2011,130.23076923076923,36.65384615384615
Illinois,2012,150.3846153846154,36.92307692307692
Illinois,2013,103.11538461538461,34.57692307692308
Illinois,2014,105.3076923076923,34.38461538461539
Illinois,2015,101.61538461538461,34.76923076923077
Illinois,2016,109.5925925925926,32.629629629629626
Illinois,2017,103.37037037037037,35.0
Illinois,2018,113.03703703703704,37.148148148148145
Indiana,1999,160.11428571428573,43.31428571428572
Indiana,2000,149.61363636363637,42.90909090909091
Indiana,2001,147.3404255319149,42.5531914893617
Indiana,2002,166.52173913043478,43.73913043478261
Indiana,2003,157.84782608695653,41.56521739130435
Indiana,2004,129.84444444444443,39.733333333333334
Indiana,2005,150.75555555555556,42.8
Indiana,2006,135.30232558139534,39.325581395348834
Indiana,2007,146.85714285714286,44.26190476190476
Indiana,2008,124.82926829268293,40.926829268292686
Indiana,2009,112.73809523809524,38.857142857142854
Indiana,2010,115.88095238095238,42.04761904761905
Indiana,2011,126.71428571428571,40.285714285714285
Indiana,2012,137.71428571428572,39.61904761904762
Indiana,2013,104.97619047619048,37.42857142857143
Indiana,2014,110.26666666666667,37.28888888888889
Indiana,2015,105.73333333333333,35.17777777777778
Indiana,2016,110.57142857142857,33.357142857142854
Indiana,2017,97.39024390243902,35.51219512195122
Indiana,2018,110.15,35.9
Iowa,1999,127.0,37.35294117647059
Iowa,2000,124.21052631578948,36.473684210526315
Iowa,2001,112.63157894736842,34.89473684210526
Iowa,2002,110.8,35.0
Iowa,2003,107.0,37.095238095238095
Iowa,2004,104.61904761904762,33.857142857142854
Iowa,2005,124.0,38.2
Iowa,2006,102.25,35.85
Iowa,2007,133.85,41.55
Iowa,2008,106.5,38.7
Iowa,2009,106.3,36.9
Iowa,2010,107.5,39.2
Iowa,2011,97.75,41.15
Iowa,2012,109.21052631578948,41.73684210526316
Iowa,2013,103.15789473684211,39.473684210526315
Iowa,2014,104.10526315789474,37.68421052631579
Iowa,2015,105.3157894736842,36.1578947368421
Iowa,2016,97.94736842105263,34.10526315789474
Iowa,2017,85.22222222222223,35.77777777777778
Iowa,2018,95.1875,38.3125
Kansas,1999,120.7,38.2
Kansas,2000,123.45454545454545,36.63636363636363
Kansas,2001,112.63636363636364,34.36363636363637
Kansas,2002,109.57142857142857,33.0
Kansas,2003,134.86666666666667,35.2
Kansas,2004,93.0,30.733333333333334
Kansas,2005,120.4,34.06666666666667
Kansas,2006,107.53333333333333,33.8
Kansas,2007,109.46153846153847,33.53846153846154
Kansas,2008,99.21428571428571,31.928571428571427
Kansas,2009,96.71428571428571,30.071428571428573
Kansas,2010,98.07142857142857,31.142857142857142
Kansas,2011,114.8,33.4
Kansas,2012,132.69230769230768,34.84615384615385
Kansas,2013,88.23076923076923,32.46153846153846
Kansas,2014,100.83333333333333,32.416666666666664
Kansas,2015,97.0,32.27272727272727
Kansas,2016,104.72727272727273,31.90909090909091
Kansas,2017,93.9090909090909,32.63636363636363
Kansas,2018,96.27272727272727,35.18181818181818
Kentucky,1999,161.41666666666666,49.0
Kentucky,2000,158.35294117647058,44.588235294117645
Kentucky,2001,147.77142857142857,43.6
Kentucky,2002,161.36111111111111,42.138888888888886
Kentucky,2003,140.11764705882354,42.35294117647059
Kentucky,2004,114.58823529411765,41.11764705882353
Kentucky,2005,141.90625,45.625
Kentucky,2006,123.0,41.54838709677419
Kentucky,2007,149.06451612903226,48.29032258064516
Kentucky,2008,116.73333333333333,42.8
Kentucky,2009,103.4,38.36666666666667
Kentucky,2010,115.76666666666667,43.7
Kentucky,2011,124.76666666666667,42.0
Kentucky,2012,150.9655172413793,41.86206896551724
Kentucky,2013,94.03448275862068,38.0
Kentucky,2014,95.89655172413794,38.58620689655172
Kentucky,2015,101.75,38.785714285714285
Kentucky,2016,111.71428571428571,39.357142857142854
Kentucky,2017,91.75,39.07142857142857
Kentucky,2018,76.14814814814815,38.111111111111114
Louisiana,1999,166.875,44.375
Louisiana,2000,168.26923076923077,45.07692307692308
Louisiana,2001,141.07407407407408,41.629629629629626
Louisiana,2002,131.44444444444446,38.074074074074076
Louisiana,2003,152.37037037037038,40.77777777777778
Louisiana,2004,139.8148148148148,38.77777777777778
Louisiana,2005,142.42857142857142,45.57142857142857
Louisiana,2006,147.66666666666666,44.916666666666664
Louisiana,2007,141.17391304347825,42.21739130434783
Louisiana,2008,124.8695652173913,40.0
Louisiana,2009,131.65217391304347,39.08695652173913
Louisiana,2010,129.7826086956522,42.608695652173914
Louisiana,2011,140.0,42.54545454545455
Louisiana,2012,126.31818181818181,41.54545454545455
Louisiana,2013,118.22727272727273,38.77272727272727
Louisiana,2014,113.77272727272727,38.31818181818182
Louisiana,2015,109.36363636363636,36.72727272727273
Louisiana,2016,97.36363636363636,37.31818181818182
Louisiana,2017,102.78260869565217,35.0
Louisiana,2018,104.0,35.30434782608695
Maine,1999,146.35714285714286,29.571428571428573
Maine,2000,113.85714285714286,26.5
Maine,2001,146.76923076923077,28.46153846153846
Maine,2002,153.15384615384616,27.615384615384617
Maine,2003,135.6153846153846,28.846153846153847
Maine,2004,121.0,29.846153846153847
Maine,2005,139.8181818181818,33.18181818181818
Maine,2006,119.36363636363636,33.54545454545455
Maine,2007,162.0,32.90909090909091
Maine,2008,105.9090909090909,33.63636363636363
Maine,2009,120.81818181818181,32.0
Maine,2010,125.5,34.0
Maine,2011,104.33333333333333,32.833333333333336
Maine,2012,95.9090909090909,34.0
Maine,2013,117.45454545454545,34.72727272727273
Maine,2014,96.81818181818181,33.90909090909091
Maine,2015,98.83333333333333,32.75
Maine,2016,98.36363636363636,31.818181818181817
Maine,2017,123.27272727272727,33.81818181818182
Maine,2018,110.9,36.2
Maryland,1999,196.21428571428572,44.92857142857143
Maryland,2000,183.71428571428572,43.285714285714285
Maryland,2001,184.07142857142858,46.857142857142854
Maryland,2002,206.0,49.5
Maryland,2003,203.66666666666666,45.666666666666664
Maryland,2004,172.0,46.76923076923077
Maryland,2005,174.78571428571428,47.142857142857146
Maryland,2006,177.07142857142858,46.57142857142857
Maryland,2007,176.73333333333332,48.8
Maryland,2008,163.13333333333333,46.06666666666667
Maryland,2009,119.26666666666667,43.13333333333333
Maryland,2010,172.86666666666667,46.8
Maryland,2011,166.13333333333333,45.266666666666666
Maryland,2012,180.53333333333333,45.266666666666666
Maryland,2013,116.86666666666666,42.06666666666667
Maryland,2014,107.25,43.0625
Maryland,2015,124.9375,43.4375
Maryland,2016,130.9375,41.1875
Maryland,2017,122.3529411764706,39.76470588235294
Maryland,2018,120.11764705882354,39.1764705882353
Massachusetts,1999,180.45454545454547,43.72727272727273
Massachusetts,2000,159.9090909090909,41.72727272727273
Massachusetts,2001,186.27272727272728,44.72727272727273
Massachusetts,2002,205.9090909090909,42.18181818181818
Massachusetts,2003,169.58333333333334,40.0
Massachusetts,2004,159.25,40.083333333333336
Massachusetts,2005,173.0,43.166666666666664
Massachusetts,2006,170.08333333333334,39.916666666666664
Massachusetts,2007,170.66666666666666,40.583333333333336
Massachusetts,2008,163.16666666666666,41.416666666666664
Massachusetts,2009,130.41666666666666,37.25
Massachusetts,2010,145.08333333333334,39.0
Massachusetts,2011,142.08333333333334,40.25
Massachusetts,2012,146.66666666666666,38.416666666666664
Massachusetts,2013,120.08333333333333,38.416666666666664
Massachusetts,2014,95.23076923076923,38.46153846153846
Massachusetts,2015,119.0,36.23076923076923
Massachusetts,2016,121.07692307692308,35.76923076923077
Massachusetts,2017,129.6153846153846,37.46153846153846
Massachusetts,2018,117.23076923076923,38.76923076923077
Michigan,1999,159.85714285714286,38.892857142857146
Michigan,2000,142.51724137931035,36.96551724137931
Michigan,2001,155.86666666666667,38.96666666666667
Michigan,2002,165.86206896551724,39.93103448275862
Michigan,2003,170.03571428571428,40.25
Michigan,2004,127.25,36.57142857142857
Michigan,2005,156.82758620689654,41.793103448275865
Michigan,2006,149.41379310344828,38.58620689655172
Michigan,2007,152.03571428571428,41.285714285714285
Michigan,2008,132.11111111111111,41.111111111111114
Michigan,2009,122.96296296296296,38.592592592592595
Michigan,2010,120.6923076923077,38.80769230769231
Michigan,2011,140.75,37.5
Michigan,2012,163.17857142857142,39.82142857142857
Michigan,2013,111.92857142857143,36.357142857142854
Michigan,2014,111.21428571428571,37.464285714285715
Michigan,2015,116.35714285714286,36.67857142857143
Michigan,2016,123.10714285714286,34.714285714285715
Michigan,2017,105.64285714285714,35.42857142857143
Michigan,2018,119.32142857142857,37.535714285714285
Minnesota,1999,75.52380952380952,24.38095238095238
Minnesota,2000,103.30434782608695,27.043478260869566
Minnesota,2001,112.73684210526316,30.05263157894737
Minnesota,2002,103.9375,29.8125
Minnesota,2003,121.22222222222223,36.666666666666664
Minnesota,2004,107.66666666666667,34.611111111111114
Minnesota,2005,135.2,36.95
Minnesota,2006,104.71428571428571,34.333333333333336
Minnesota,2007,128.9047619047619,35.0
Minnesota,2008,111.14285714285714,34.333333333333336
Minnesota,2009,103.42857142857143,32.95238095238095
Minnesota,2010,106.57142857142857,32.23809523809524
Minnesota,2011,100.76190476190476,33.23809523809524
Minnesota,2012,101.38095238095238,33.285714285714285
Minnesota,2013,89.0,33.95
Minnesota,2014,92.85714285714286,31.761904761904763
Minnesota,2015,110.38095238095238,31.428571428571427
Minnesota,2016,102.55,28.65
Minnesota,2017,86.3,31.55
Minnesota,2018,87.76190476190476,37.57142857142857
Mississippi,1999,140.21052631578948,47.526315789473685
Mississippi,2000,152.47058823529412,51.411764705882355
Mississippi,2001,128.27777777777777,46.44444444444444
Mississippi,2002,138.8421052631579,43.78947368421053
Mississippi,2003,124.27777777777777,46.888888888888886
Mississippi,2004,118.36842105263158,44.68421052631579
Mississippi,2005,128.72222222222223,48.111111111111114
Mississippi,2006,127.46153846153847,49.15384615384615
Mississippi,2007,127.15384615384616,48.0
Mississippi,2008,107.46153846153847,44.84615384615385
Mississippi,2009,104.23076923076923,41.23076923076923
Mississippi,2010,113.08333333333333,45.0
Mississippi,2011,107.15384615384616,43.38461538461539
Mississippi,2012,118.27272727272727,40.45454545454545
Mississippi,2013,98.8,37.3
Mississippi,2014,102.9,38.3
Mississippi,2015,87.0,35.63636363636363
Mississippi,2016,85.18181818181819,36.90909090909091
Mississippi,2017,78.0909090909091,35.81818181818182
Mississippi,2018,102.63636363636364,39.90909090909091
Missouri,1999,170.5625,47.0625
Missouri,2000,148.8421052631579,43.31578947368421
Missouri,2001,167.86363636363637,40.63636363636363
Missouri,2002,149.38095238095238,44.333333333333336
Missouri,2003,151.23809523809524,43.904761904761905
Missouri,2004,115.17391304347827,40.78260869565217
Missouri,2005,149.5909090909091,45.72727272727273
Missouri,2006,144.0,44.76190476190476
Missouri,2007,155.52631578947367,45.421052631578945
Missouri,2008,125.57894736842105,42.526315789473685
Missouri,2009,120.71428571428571,40.857142857142854
Missouri,2010,130.33333333333334,44.666666666666664
Missouri,2011,138.3181818181818,43.72727272727273
Missouri,2012,153.8181818181818,44.27272727272727
Missouri,2013,115.36363636363636,41.09090909090909
Missouri,2014,109.18181818181819,39.09090909090909
Missouri,2015,102.21739130434783,35.82608695652174
Missouri,2016,101.91304347826087,34.0
Missouri,2017,96.41666666666667,35.791666666666664
Missouri,2018,100.75,36.208333333333336
Montana,1999,109.5625,23.1875
Montana,2000,136.94444444444446,23.666666666666668
Montana,2001,104.04761904761905,19.857142857142858
Montana,2002,88.5,17.863636363636363
Montana,2003,111.61904761904762,17.428571428571427
Montana,2004,99.75,19.5
Montana,2005,91.35,19.7
Montana,2006,108.0,22.842105263157894
Montana,2007,133.3684210526316,23.263157894736842
Montana,2008,92.57894736842105,23.105263157894736
Montana,2009,88.0,25.944444444444443
Montana,2010,103.78947368421052,28.210526315789473
Montana,2011,98.83333333333333,27.88888888888889
Montana,2012,118.0,28.842105263157894
Montana,2013,93.05263157894737,28.210526315789473
Montana,2014,114.73684210526316,27.263157894736842
Montana,2015,175.73684210526315,28.473684210526315
Montana,2016,116.6842105263158,26.68421052631579
Montana,2017,188.78947368421052,30.842105263157894
Montana,2018,76.26315789473684,27.31578947368421
Nebraska,1999,92.08333333333333,31.416666666666668
Nebraska,2000,91.66666666666667,30.583333333333332
Nebraska,2001,83.75,30.166666666666668
Nebraska,2002,77.92857142857143,26.357142857142858
Nebraska,2003,96.58333333333333,28.583333333333332
Nebraska,2004,86.08333333333333,28.5
Nebraska,2005,95.41666666666667,29.416666666666668
Nebraska,2006,86.0,27.90909090909091
Nebraska,2007,89.66666666666667,31.583333333333332
Nebraska,2008,78.25,30.583333333333332
Nebraska,2009,95.0,25.454545454545453
Nebraska,2010,108.6,29.3
Nebraska,2011,88.54545454545455,30.545454545454547
Nebraska,2012,95.9090909090909,33.45454545454545
Nebraska,2013,82.9090909090909,27.09090909090909
Nebraska,2014,82.45454545454545,25.545454545454547
Nebraska,2015,84.36363636363636,26.09090909090909
Nebraska,2016,78.2,25.5
Nebraska,2017,93.77777777777777,28.555555555555557
Nebraska,2018,79.88888888888889,29.11111111111111
Nevada,1999,143.71428571428572,42.714285714285715
Nevada,2000,156.71428571428572,40.142857142857146
Nevada,2001,123.28571428571429,40.57142857142857
Nevada,2002,174.57142857142858,39.285714285714285
Nevada,2003,128.875,37.125
Nevada,2004,112.375,34.0
Nevada,2005,102.11111111111111,34.333333333333336
Nevada,2006,154.125,38.0
Nevada,2007,112.6,35.4
Nevada,2008,109.1,33.3
Nevada,2009,104.8,33.8
Nevada,2010,98.6,32.6
Nevada,2011,110.4,33.0
Nevada,2012,178.4,36.2
Nevada,2013,209.7,37.5
Nevada,2014,213.88888888888889,41.0
Nevada,2015,133.22222222222223,39.55555555555556
Nevada,2016,151.0,36.77777777777778
Nevada,2017,144.11111111111111,37.333333333333336
Nevada,2018,107.77777777777777,37.111111111111114
New Hampshire,1999,155.1,37.0
New Hampshire,2000,133.6,33.4
New Hampshire,2001,174.2,37.9
New Hampshire,2002,183.5,37.5
New Hampshire,2003,142.66666666666666,39.77777777777778
New Hampshire,2004,160.75,38.625
New Hampshire,2005,144.875,40.5
New Hampshire,2006,120.75,37.375
New Hampshire,2007,154.625,37.875
New Hampshire,2008,141.5,37.25
New Hampshire,2009,122.42857142857143,36.285714285714285
New Hampshire,2010,134.57142857142858,40.0
New Hampshire,2011,130.71428571428572,39.57142857142857
New Hampshire,2012,115.57142857142857,37.142857142857146
New Hampshire,2013,103.28571428571429,36.857142857142854
New Hampshire,2014,106.42857142857143,37.42857142857143
New Hampshire,2015,119.14285714285714,37.42857142857143
New Hampshire,2016,99.85714285714286,36.0
New Hampshire,2017,104.85714285714286,36.0
New Hampshire,2018,94.0,40.142857142857146
New Jersey,1999,185.05882352941177,40.94117647058823
New Jersey,2000,185.88235294117646,40.11764705882353
New Jersey,2001,186.05882352941177,42.05882352941177
New Jersey,2002,194.8235294117647,40.76470588235294
New Jersey,2003,185.8235294117647,39.88235294117647
New Jersey,2004,154.35294117647058,38.35294117647059
New Jersey,2005,164.94117647058823,41.05882352941177
New Jersey,2006,163.23529411764707,41.1764705882353
New Jersey,2007,159.41176470588235,42.411764705882355
New Jersey,2008,143.76470588235293,41.05882352941177
New Jersey,2009,116.47058823529412,37.35294117647059
New Jersey,2010,164.125,40.6875
New Jersey,2011,158.0,41.5625
New Jersey,2012,146.75,40.625
New Jersey,2013,123.3125,39.125
New Jersey,2014,126.25,39.625
New Jersey,2015,132.8125,39.625
New Jersey,2016,137.8125,39.625
New Jersey,2017,115.625,38.4375
New Jersey,2018,117.5,40.8125
New Mexico,1999,116.75,29.75
New Mexico,2000,89.44444444444444,28.27777777777778
New Mexico,2001,88.66666666666667,26.22222222222222
New Mexico,2002,105.0,25.72222222222222
New Mexico,2003,156.23529411764707,28.176470588235293
New Mexico,2004,130.625,26.125
New Mexico,2005,135.875,28.875
New Mexico,2006,111.82352941176471,30.058823529411764
New Mexico,2007,97.77777777777777,30.055555555555557
New Mexico,2008,147.0,30.27777777777778
New Mexico,2009,85.44444444444444,29.555555555555557
New Mexico,2010,140.27777777777777,30.333333333333332
New Mexico,2011,175.61111111111111,32.666666666666664
New Mexico,2012,234.61111111111111,32.77777777777778
New Mexico,2013,139.5,33.5
New Mexico,2014,111.11764705882354,33.05882352941177
New Mexico,2015,83.05882352941177,28.41176470588235
New Mexico,2016,119.5625,30.5625
New Mexico,2017,133.8125,31.875
New Mexico,2018,95.6875,32.0
New York,1999,168.74193548387098,38.45161290322581
New York,2000,158.11764705882354,35.588235294117645
New York,2001,161.9142857142857,37.457142857142856
New York,2002,174.58333333333334,36.80555555555556
New York,2003,165.22222222222223,36.583333333333336
New York,2004,138.91176470588235,34.61764705882353
New York,2005,154.3235294117647,37.26470588235294
New York,2006,136.6764705882353,33.88235294117647
New York,2007,151.3030303030303,38.54545454545455
New York,2008,145.33333333333334,38.36363636363637
New York,2009,118.82352941176471,36.14705882352941
New York,2010,130.66666666666666,37.121212121212125
New York,2011,130.6764705882353,37.411764705882355
New York,2012,125.33333333333333,35.84848484848485
New York,2013,106.55172413793103,35.41379310344828
New York,2014,103.6896551724138,35.10344827586207
New York,2015,111.72413793103448,35.724137931034484
New York,2016,119.03448275862068,34.758620689655174
New York,2017,99.2258064516129,32.45161290322581
New York,2018,115.6774193548387,33.354838709677416
North Carolina,1999,158.9591836734694,49.89795918367347
North Carolina,2000,151.68,49.38
North Carolina,2001,144.84313725490196,48.72549019607843
North Carolina,2002,161.92,48.98
North Carolina,2003,148.20754716981133,45.132075471698116
North Carolina,2004,122.0204081632653,44.69387755102041
North Carolina,2005,137.40425531914894,47.87234042553192
North Carolina,2006,131.51063829787233,47.48936170212766
North Carolina,2007,139.61702127659575,49.61702127659574
North Carolina,2008,131.06521739130434,44.97826086956522
North Carolina,2009,93.42222222222222,38.733333333333334
North Carolina,2010,118.61363636363636,43.45454545454545
North Carolina,2011,118.3913043478261,42.369565217391305
North Carolina,2012,127.67391304347827,39.5
North Carolina,2013,90.93617021276596,36.297872340425535
North Carolina,2014,91.17021276595744,38.59574468085106
North Carolina,2015,87.44444444444444,37.733333333333334
North Carolina,2016,113.94736842105263,36.8421052631579
North Carolina,2017,89.89473684210526,36.55263157894737
North Carolina,2018,92.57894736842105,36.60526315789474
North Dakota,1999,106.46153846153847,25.846153846153847
North Dakota,2000,102.35714285714286,24.5
North Dakota,2001,92.5,25.5
North Dakota,2002,97.9090909090909,26.363636363636363
North Dakota,2003,101.9090909090909,27.181818181818183
North Dakota,2004,102.54545454545455,27.727272727272727
North Dakota,2005,100.72727272727273,26.818181818181817
North Dakota,2006,98.0,29.1
North Dakota,2007,96.1,27.6
North Dakota,2008,109.2,29.3
North Dakota,2009,76.2,28.9
North Dakota,2010,106.4,32.0
North Dakota,2011,109.55555555555556,33.333333333333336
North Dakota,2012,95.11111111111111,33.666666666666664
North Dakota,2013,93.55555555555556,37.111111111111114
North Dakota,2014,124.11111111111111,35.0
North Dakota,2015,150.0,33.1
North Dakota,2016,93.7,30.1
North Dakota,2017,142.36363636363637,33.27272727272727
North Dakota,2018,111.5,39.6
Ohio,1999,167.56,43.3
Ohio,2000,161.59574468085106,41.787234042553195
Ohio,2001,158.47916666666666,42.666666666666664
Ohio,2002,175.0,43.34782608695652
Ohio,2003,174.97826086956522,41.54347826086956
Ohio,2004,137.06521739130434,39.45652173913044
Ohio,2005,170.13636363636363,43.40909090909091
Ohio,2006,141.9318181818182,38.65909090909091
Ohio,2007,152.7674418604651,40.83720930232558
Ohio,2008,137.23809523809524,39.857142857142854
Ohio,2009,119.19047619047619,36.26190476190476
Ohio,2010,136.04761904761904,42.404761904761905
Ohio,2011,134.41860465116278,39.69767441860465
Ohio,2012,157.35714285714286,40.95238095238095
Ohio,2013,111.53658536585365,37.292682926829265
Ohio,2014,111.53658536585365,37.63414634146341
Ohio,2015,109.73170731707317,36.73170731707317
Ohio,2016,109.8780487804878,35.829268292682926
Ohio,2017,104.65853658536585,35.46341463414634
Ohio,2018,107.23809523809524,37.23809523809524
Oklahoma,1999,129.22727272727272,37.68181818181818
Oklahoma,2000,122.92307692307692,39.11538461538461
Oklahoma,2001,128.08333333333334,38.041666666666664
Oklahoma,2002,125.5,36.53846153846154
Oklahoma,2003,123.03703703703704,40.22222222222222
Oklahoma,2004,117.38461538461539,37.30769230769231
Oklahoma,2005,132.4,39.96
Oklahoma,2006,152.22727272727272,40.54545454545455
Oklahoma,2007,126.66666666666667,36.666666666666664
Oklahoma,2008,112.5909090909091,37.90909090909091
Oklahoma,2009,112.27272727272727,39.18181818181818
Oklahoma,2010,108.79166666666667,40.416666666666664
Oklahoma,2011,147.2173913043478,45.47826086956522
Oklahoma,2012,143.86363636363637,42.81818181818182
Oklahoma,2013,110.34782608695652,39.391304347826086
Oklahoma,2014,106.5,38.90909090909091
Oklahoma,2015,96.95652173913044,35.56521739130435
Oklahoma,2016,93.8,36.24
Oklahoma,2017,93.64285714285714,35.42857142857143
Oklahoma,2018,117.36,37.16
Oregon,1999,118.5,31.5
Oregon,2000,116.72222222222223,28.444444444444443
Oregon,2001,132.44444444444446,27.833333333333332
Oregon,2002,123.44444444444444,29.833333333333332
Oregon,2003,100.44444444444444,24.22222222222222
Oregon,2004,119.84210526315789,26.789473684210527
Oregon,2005,129.0952380952381,27.095238095238095
Oregon,2006,131.66666666666666,27.571428571428573
Oregon,2007,124.14285714285714,27.142857142857142
Oregon,2008,120.75,32.916666666666664
Oregon,2009,125.125,30.333333333333332
Oregon,2010,108.33333333333333,25.416666666666668
Oregon,2011,117.4,25.84
Oregon,2012,128.0,27.416666666666668
Oregon,2013,135.45833333333334,31.666666666666668
Oregon,2014,127.21739130434783,27.695652173913043
Oregon,2015,165.47826086956522,28.869565217391305
Oregon,2016,90.81818181818181,24.636363636363637
Oregon,2017,215.1304347826087,28.695652173913043
Oregon,2018,64.4375,26.625
Pennsylvania,1999,195.66666666666666,50.27272727272727
Pennsylvania,2000,186.0,46.470588235294116
Pennsylvania,2001,186.55882352941177,51.588235294117645
Pennsylvania,2002,201.0,48.794117647058826
Pennsylvania,2003,194.26470588235293,47.294117647058826
Pennsylvania,2004,151.14285714285714,45.371428571428574
Pennsylvania,2005,166.68571428571428,48.542857142857144
Pennsylvania,2006,152.63888888888889,43.0
Pennsylvania,2007,155.61111111111111,44.52777777777778
Pennsylvania,2008,158.85714285714286,42.857142857142854
Pennsylvania,2009,118.34285714285714,41.77142857142857
Pennsylvania,2010,152.0857142857143,44.457142857142856
Pennsylvania,2011,136.1578947368421,43.5
Pennsylvania,2012,148.07894736842104,43.78947368421053
Pennsylvania,2013,124.7948717948718,41.82051282051282
Pennsylvania,2014,112.46153846153847,42.23076923076923
Pennsylvania,2015,118.97368421052632,42.21052631578947
Pennsylvania,2016,125.28947368421052,40.526315789473685
Pennsylvania,2017,108.89473684210526,40.68421052631579
Pennsylvania,2018,104.57894736842105,39.8421052631579
Puerto Rico,1999,79.4,27.066666666666666
Puerto Rico,2000,87.0625,26.0625
Puerto Rico,2001,87.3125,25.875
Puerto Rico,2002,75.0625,24.5625
Puerto Rico,2003,78.9375,21.625
Puerto Rico,2004,71.875,19.9375
Puerto Rico,2005,74.75,20.4375
Puerto Rico,2006,76.53846153846153,21.53846153846154
Puerto Rico,2007,83.14285714285714,19.571428571428573
Puerto Rico,2008,75.07692307692308,18.076923076923077
Puerto Rico,2009,84.72727272727273,16.545454545454547
Puerto Rico,2010,82.9,15.3
Puerto Rico,2011,56.92307692307692,14.76923076923077
Puerto Rico,2012,68.53846153846153,18.153846153846153
Puerto Rico,2013,74.92307692307692,16.923076923076923
Puerto Rico,2014,75.6923076923077,16.846153846153847
Puerto Rico,2015,92.45454545454545,18.181818181818183
Puerto Rico,2016,118.25,17.75
Puerto Rico,2017,103.83333333333333,19.416666666666668
Puerto Rico,2018,256.6666666666667,20.166666666666668
Rhode Island,1999,199.66666666666666,41.333333333333336
Rhode Island,2000,203.66666666666666,41.333333333333336
Rhode Island,2001,212.0,46.0
Rhode Island,2002,213.0,43.666666666666664
Rhode Island,2003,201.66666666666666,43.333333333333336
Rhode Island,2004,190.66666666666666,40.666666666666664
Rhode Island,2005,175.0,43.333333333333336
Rhode Island,2006,188.0,40.333333333333336
Rhode Island,2007,176.66666666666666,41.333333333333336
Rhode Island,2008,155.33333333333334,41.333333333333336
Rhode Island,2009,115.33333333333333,36.333333333333336
Rhode Island,2010,143.33333333333334,39.333333333333336
Rhode Island,2011,140.0,40.0
Rhode Island,2012,161.66666666666666,39.0
Rhode Island,2013,154.0,39.333333333333336
Rhode Island,2014,106.33333333333333,37.0
Rhode Island,2015,161.0,39.666666666666664
Rhode Island,2016,146.0,37.0
Rhode Island,2017,144.66666666666666,34.333333333333336
Rhode Island,2018,65.66666666666667,32.0
South Carolina,1999,162.84,46.84
South Carolina,2000,150.62962962962962,47.0
South Carolina,2001,134.03703703703704,44.592592592592595
South Carolina,2002,160.37037037037038,43.55555555555556
South Carolina,2003,128.0,40.333333333333336
South Carolina,2004,129.96296296296296,42.44444444444444
South Carolina,2005,137.76923076923077,44.23076923076923
South Carolina,2006,135.8846153846154,44.73076923076923
South Carolina,2007,133.2,45.48
South Carolina,2008,130.15,41.2
South Carolina,2009,86.85,36.7
South Carolina,2010,113.45,40.85
South Carolina,2011,121.0,42.7
South Carolina,2012,109.21052631578948,38.8421052631579
South Carolina,2013,84.05263157894737,33.73684210526316
South Carolina,2014,91.10526315789474,37.73684210526316
South Carolina,2015,84.36842105263158,35.89473684210526
South Carolina,2016,115.8,37.3
South Carolina,2017,84.15789473684211,35.578947368421055
South Carolina,2018,84.77777777777777,35.333333333333336
South Dakota,1999,96.75,29.0
South Dakota,2000,106.0,25.833333333333332
South Dakota,2001,73.25,24.5
South Dakota,2002,79.25,23.625
South Dakota,2003,86.125,30.0
South Dakota,2004,85.5,31.125
South Dakota,2005,92.625,34.125
South Dakota,2006,91.625,32.125
South Dakota,2007,89.875,33.125
South Dakota,2008,120.375,33.25
South Dakota,2009,124.77777777777777,33.44444444444444
South Dakota,2010,105.66666666666667,34.666666666666664
South Dakota,2011,87.11111111111111,33.888888888888886
South Dakota,2012,105.55555555555556,38.888888888888886
South Dakota,2013,90.11111111111111,37.44444444444444
South Dakota,2014,90.88888888888889,33.22222222222222
South Dakota,2015,120.4,33.3
South Dakota,2016,90.1,30.9
South Dakota,2017,107.9,31.6
South Dakota,2018,121.0,34.9
Tennessee,1999,170.61290322580646,50.0
Tennessee,2000,166.09677419354838,47.45161290322581
Tennessee,2001,157.9375,43.0625
Tennessee,2002,161.5,39.666666666666664
Tennessee,2003,150.13793103448276,44.89655172413793
Tennessee,2004,134.41379310344828,41.86206896551724
Tennessee,2005,145.92857142857142,44.57142857142857
Tennessee,2006,155.55172413793105,45.03448275862069
Tennessee,2007,158.2962962962963,50.407407407407405
Tennessee,2008,131.625,41.583333333333336
Tennessee,2009,111.69565217391305,33.43478260869565
Tennessee,2010,124.43478260869566,39.43478260869565
Tennessee,2011,126.75,39.541666666666664
Tennessee,2012,139.65217391304347,39.30434782608695
Tennessee,2013,88.28,38.4
Tennessee,2014,94.45833333333333,38.25
Tennessee,2015,91.375,36.333333333333336
Tennessee,2016,116.125,36.166666666666664
Tennessee,2017,94.34782608695652,36.869565217391305
Tennessee,2018,94.26086956521739,37.04347826086956
Texas,1999,161.75862068965517,39.241379310344826
Texas,2000,157.77142857142857,41.285714285714285
Texas,2001,151.91666666666666,40.861111111111114
Texas,2002,171.77777777777777,39.72222222222222
Texas,2003,174.64102564102564,40.87179487179487
Texas,2004,153.13513513513513,37.67567567567568
Texas,2005,144.825,42.875
Texas,2006,160.82051282051282,42.53846153846154
Texas,2007,133.3,40.1
Texas,2008,129.5121951219512,40.0
Texas,2009,123.62790697674419,38.69767441860465
Texas,2010,119.4186046511628,38.27906976744186
Texas,2011,147.06666666666666,41.733333333333334
Texas,2012,153.67441860465115,40.23255813953488
Texas,2013,126.25581395348837,38.58139534883721
Texas,2014,110.44186046511628,37.76744186046512
Texas,2015,122.36585365853658,37.19512195121951
Texas,2016,101.31914893617021,32.91489361702128
Texas,2017,114.40816326530613,32.87755102040816
Texas,2018,115.42857142857143,35.16326530612245
Utah,1999,123.0,38.888888888888886
Utah,2000,116.61538461538461,28.923076923076923
Utah,2001,118.46153846153847,33.0
Utah,2002,110.78571428571429,32.42857142857143
Utah,2003,113.78571428571429,30.142857142857142
Utah,2004,113.41666666666667,35.0
Utah,2005,130.46153846153845,34.76923076923077
Utah,2006,108.53846153846153,36.69230769230769
Utah,2007,129.25,44.583333333333336
Utah,2008,122.66666666666667,43.416666666666664
Utah,2009,139.41666666666666,42.0
Utah,2010,167.3846153846154,41.61538461538461
Utah,2011,134.93333333333334,41.8
Utah,2012,128.8,44.13333333333333
Utah,2013,141.93333333333334,44.733333333333334
Utah,2014,117.0,41.4
Utah,2015,126.64285714285714,40.5
Utah,2016,124.85714285714286,39.5
Utah,2017,136.71428571428572,43.642857142857146
Utah,2018,124.73333333333333,45.2
Vermont,1999,138.75,35.75
Vermont,2000,134.75,32.0
Vermont,2001,130.75,36.0
Vermont,2002,150.75,34.25
Vermont,2003,93.4,29.4
Vermont,2004,107.2,27.2
Vermont,2005,112.2,30.4
Vermont,2006,95.4,26.4
Vermont,2007,101.25,26.25
Vermont,2008,107.25,30.5
Vermont,2009,111.0,34.666666666666664
Vermont,2010,123.0,34.333333333333336
Vermont,2011,93.0,31.25
Vermont,2012,93.5,30.25
Vermont,2013,103.75,30.25
Vermont,2014,84.5,29.0
Vermont,2015,95.0,29.0
Vermont,2016,83.0,29.0
Vermont,2017,76.75,29.25
Vermont,2018,77.75,33.5
Virgin Islands,1999,96.66666666666667,20.666666666666668
Virgin Islands,2000,98.0,26.333333333333332
Virgin Islands,2001,122.0,21.333333333333332
Virgin Islands,2002,95.0,25.333333333333332
Virgin Islands,2003,124.66666666666667,26.666666666666668
Virgin Islands,2004,103.33333333333333,19.333333333333332
Virgin Islands,2005,90.0,15.333333333333334
Virgin Islands,2006,122.66666666666667,21.0
Virgin Islands,2007,98.33333333333333,19.666666666666668
Virgin Islands,2008,122.0,20.0
Virgin Islands,2009,104.33333333333333,19.666666666666668
Virgin Islands,2010,132.0,15.0
Virgin Islands,2011,130.5,16.5
Virgin Islands,2012,75.5,12.0
Virgin Islands,2013,78.5,13.5
Virgin Islands,2014,85.0,34.0
Virgin Islands,2015,79.5,37.5
Virgin Islands,2016,64.0,27.0
Virgin Islands,2017,73.0,19.5
Virginia,1999,133.725,37.9
Virginia,2000,121.92105263157895,37.18421052631579
Virginia,2001,133.76315789473685,37.60526315789474
Virginia,2002,144.57894736842104,37.89473684210526
Virginia,2003,145.81578947368422,36.05263157894737
Virginia,2004,118.94444444444444,35.44444444444444
Virginia,2005,116.31428571428572,38.05714285714286
Virginia,2006,120.66666666666667,36.416666666666664
Virginia,2007,118.97142857142858,38.34285714285714
Virginia,2008,121.44444444444444,35.333333333333336
Virginia,2009,82.4054054054054,31.35135135135135
Virginia,2010,114.32432432432432,36.027027027027025
Virginia,2011,105.63157894736842,33.55263157894737
Virginia,2012,107.71052631578948,32.5
Virginia,2013,84.22222222222223,31.194444444444443
Virginia,2014,78.85714285714286,31.885714285714286
Virginia,2015,79.91428571428571,32.25714285714286
Virginia,2016,91.26470588235294,30.029411764705884
Virginia,2017,79.45714285714286,29.742857142857144
Virginia,2018,77.88235294117646,30.970588235294116
Washington,1999,115.15,27.85
Washington,2000,104.34782608695652,29.869565217391305
Washington,2001,107.52,28.16
Washington,2002,100.29629629629629,31.185185185185187
Washington,2003,181.73333333333332,30.833333333333332
Washington,2004,116.78571428571429,31.464285714285715
Washington,2005,112.46428571428571,29.321428571428573
Washington,2006,110.6,28.666666666666668
Washington,2007,99.38709677419355,26.741935483870968
Washington,2008,98.3,27.4
Washington,2009,94.26666666666667,28.033333333333335
Washington,2010,86.76666666666667,23.766666666666666
Washington,2011,98.53333333333333,24.266666666666666
Washington,2012,123.58620689655173,26.275862068965516
Washington,2013,112.0,27.448275862068964
Washington,2014,104.82758620689656,25.17241379310345
Washington,2015,152.6551724137931,27.17241379310345
Washington,2016,88.17241379310344,24.103448275862068
Washington,2017,183.5,26.966666666666665
Washington,2018,78.7,22.333333333333332
West Virginia,1999,154.88235294117646,51.470588235294116
West Virginia,2000,153.2941176470588,54.411764705882355
West Virginia,2001,159.94117647058823,52.8235294117647
West Virginia,2002,165.2941176470588,50.1764705882353
West Virginia,2003,158.47058823529412,49.470588235294116
West Virginia,2004,139.23529411764707,48.11764705882353
West Virginia,2005,143.58823529411765,50.76470588235294
West Virginia,2006,140.93333333333334,48.06666666666667
West Virginia,2007,146.6,50.733333333333334
West Virginia,2008,127.26666666666667,44.86666666666667
West Virginia,2009,112.6,42.266666666666666
West Virginia,2010,129.46666666666667,42.333333333333336
West Virginia,2011,115.5,38.0
West Virginia,2012,128.4,39.266666666666666
West Virginia,2013,98.46666666666667,35.4
West Virginia,2014,91.53333333333333,34.93333333333333
West Virginia,2015,100.6,34.46666666666667
West Virginia,2016,98.28571428571429,34.357142857142854
West Virginia,2017,90.25,31.5625
West Virginia,2018,98.0,31.4375
Wisconsin,1999,171.38709677419354,39.064516129032256
Wisconsin,2000,151.06451612903226,38.96774193548387
Wisconsin,2001,156.6060606060606,39.21212121212121
Wisconsin,2002,145.37142857142857,37.628571428571426
Wisconsin,2003,140.28571428571428,39.142857142857146
Wisconsin,2004,119.67647058823529,35.55882352941177
Wisconsin,2005,151.05882352941177,40.23529411764706
Wisconsin,2006,130.28125,39.875
Wisconsin,2007,146.7741935483871,40.774193548387096
Wisconsin,2008,118.54838709677419,39.774193548387096
Wisconsin,2009,118.03125,36.09375
Wisconsin,2010,117.51515151515152,37.45454545454545
Wisconsin,2011,124.46666666666667,37.2
Wisconsin,2012,140.0,36.34375
Wisconsin,2013,96.84848484848484,34.45454545454545
Wisconsin,2014,115.14814814814815,37.18518518518518
Wisconsin,2015,110.39285714285714,36.32142857142857
Wisconsin,2016,119.0,34.642857142857146
Wisconsin,2017,100.67857142857143,35.67857142857143
Wisconsin,2018,118.14285714285714,40.642857142857146
Wyoming,1999,111.21428571428571,22.071428571428573
Wyoming,2000,93.21428571428571,20.785714285714285
Wyoming,2001,94.14285714285714,23.642857142857142
Wyoming,2002,98.93333333333334,22.466666666666665
Wyoming,2003,90.2,21.4
Wyoming,2004,133.5,20.714285714285715
Wyoming,2005,88.2,21.6
Wyoming,2006,119.93333333333334,25.0
Wyoming,2007,98.17647058823529,29.294117647058822
Wyoming,2008,108.33333333333333,29.666666666666668
Wyoming,2009,95.77777777777777,27.72222222222222
Wyoming,2010,86.10526315789474,29.157894736842106
Wyoming,2011,100.21052631578948,32.421052631578945
Wyoming,2012,126.57894736842105,34.78947368421053
Wyoming,2013,109.77777777777777,36.77777777777778
Wyoming,2014,95.26315789473684,35.10526315789474
Wyoming,2015,110.26315789473684,34.78947368421053
Wyoming,2016,95.94444444444444,37.27777777777778
Wyoming,2017,169.41176470588235,38.470588235294116
Wyoming,2018,96.77777777777777,39.388888888888886
